GPU,RTX 4090 24GB,,
vCPU,4,,
Memory,16,,
,,,
,,,
Total Duration, 703579ms,,
Total Iterations,100,,
Total Passed,100,,
Total Failed,0,,
Failed Iterations Numbers, ,,
,,,
Iteration,1,,
Method, Name, Url, Status
POST, #1, https://baked-damson-cream.salad.cloud/generate,200
,,,
Iteration,2,,
Method, Name, Url, Status
POST, #1, https://baked-damson-cream.salad.cloud/generate,200
,,,
Iteration,3,,
Method, Name, Url, Status
POST, #1, https://baked-damson-cream.salad.cloud/generate,200
,,,
Iteration,4,,
Method, Name, Url, Status
POST, #1, https://baked-damson-cream.salad.cloud/generate,200
,,,
Iteration,5,,
Method, Name, Url, Status
POST, #1, https://baked-damson-cream.salad.cloud/generate,200
,,,
Iteration,6,,
Method, Name, Url, Status
POST, #1, https://baked-damson-cream.salad.cloud/generate,200
,,,
Iteration,7,,
Method, Name, Url, Status
POST, #1, https://baked-damson-cream.salad.cloud/generate,200
,,,
Iteration,8,,
Method, Name, Url, Status
POST, #1, https://baked-damson-cream.salad.cloud/generate,200
,,,
Iteration,9,,
Method, Name, Url, Status
POST, #1, https://baked-damson-cream.salad.cloud/generate,200
,,,
Iteration,10,,
Method, Name, Url, Status
POST, #1, https://baked-damson-cream.salad.cloud/generate,200
,,,
Iteration,11,,
Method, Name, Url, Status
POST, #1, https://baked-damson-cream.salad.cloud/generate,200
,,,
Iteration,12,,
Method, Name, Url, Status
POST, #1, https://baked-damson-cream.salad.cloud/generate,200
,,,
Iteration,13,,
Method, Name, Url, Status
POST, #1, https://baked-damson-cream.salad.cloud/generate,200
,,,
Iteration,14,,
Method, Name, Url, Status
POST, #1, https://baked-damson-cream.salad.cloud/generate,200
,,,
Iteration,15,,
Method, Name, Url, Status
POST, #1, https://baked-damson-cream.salad.cloud/generate,200
,,,
Iteration,16,,
Method, Name, Url, Status
POST, #1, https://baked-damson-cream.salad.cloud/generate,200
,,,
Iteration,17,,
Method, Name, Url, Status
POST, #1, https://baked-damson-cream.salad.cloud/generate,200
,,,
Iteration,18,,
Method, Name, Url, Status
POST, #1, https://baked-damson-cream.salad.cloud/generate,200
,,,
Iteration,19,,
Method, Name, Url, Status
POST, #1, https://baked-damson-cream.salad.cloud/generate,200
,,,
Iteration,20,,
Method, Name, Url, Status
POST, #1, https://baked-damson-cream.salad.cloud/generate,200
,,,
Iteration,21,,
Method, Name, Url, Status
POST, #1, https://baked-damson-cream.salad.cloud/generate,200
,,,
Iteration,22,,
Method, Name, Url, Status
POST, #1, https://baked-damson-cream.salad.cloud/generate,200
,,,
Iteration,23,,
Method, Name, Url, Status
POST, #1, https://baked-damson-cream.salad.cloud/generate,200
,,,
Iteration,24,,
Method, Name, Url, Status
POST, #1, https://baked-damson-cream.salad.cloud/generate,200
,,,
Iteration,25,,
Method, Name, Url, Status
POST, #1, https://baked-damson-cream.salad.cloud/generate,200
,,,
Iteration,26,,
Method, Name, Url, Status
POST, #1, https://baked-damson-cream.salad.cloud/generate,200
,,,
Iteration,27,,
Method, Name, Url, Status
POST, #1, https://baked-damson-cream.salad.cloud/generate,200
,,,
Iteration,28,,
Method, Name, Url, Status
POST, #1, https://baked-damson-cream.salad.cloud/generate,200
,,,
Iteration,29,,
Method, Name, Url, Status
POST, #1, https://baked-damson-cream.salad.cloud/generate,200
,,,
Iteration,30,,
Method, Name, Url, Status
POST, #1, https://baked-damson-cream.salad.cloud/generate,200
,,,
Iteration,31,,
Method, Name, Url, Status
POST, #1, https://baked-damson-cream.salad.cloud/generate,200
,,,
Iteration,32,,
Method, Name, Url, Status
POST, #1, https://baked-damson-cream.salad.cloud/generate,200
,,,
Iteration,33,,
Method, Name, Url, Status
POST, #1, https://baked-damson-cream.salad.cloud/generate,200
,,,
Iteration,34,,
Method, Name, Url, Status
POST, #1, https://baked-damson-cream.salad.cloud/generate,200
,,,
Iteration,35,,
Method, Name, Url, Status
POST, #1, https://baked-damson-cream.salad.cloud/generate,200
,,,
Iteration,36,,
Method, Name, Url, Status
POST, #1, https://baked-damson-cream.salad.cloud/generate,200
,,,
Iteration,37,,
Method, Name, Url, Status
POST, #1, https://baked-damson-cream.salad.cloud/generate,200
,,,
Iteration,38,,
Method, Name, Url, Status
POST, #1, https://baked-damson-cream.salad.cloud/generate,200
,,,
Iteration,39,,
Method, Name, Url, Status
POST, #1, https://baked-damson-cream.salad.cloud/generate,200
,,,
Iteration,40,,
Method, Name, Url, Status
POST, #1, https://baked-damson-cream.salad.cloud/generate,200
,,,
Iteration,41,,
Method, Name, Url, Status
POST, #1, https://baked-damson-cream.salad.cloud/generate,200
,,,
Iteration,42,,
Method, Name, Url, Status
POST, #1, https://baked-damson-cream.salad.cloud/generate,200
,,,
Iteration,43,,
Method, Name, Url, Status
POST, #1, https://baked-damson-cream.salad.cloud/generate,200
,,,
Iteration,44,,
Method, Name, Url, Status
POST, #1, https://baked-damson-cream.salad.cloud/generate,200
,,,
Iteration,45,,
Method, Name, Url, Status
POST, #1, https://baked-damson-cream.salad.cloud/generate,200
,,,
Iteration,46,,
Method, Name, Url, Status
POST, #1, https://baked-damson-cream.salad.cloud/generate,200
,,,
Iteration,47,,
Method, Name, Url, Status
POST, #1, https://baked-damson-cream.salad.cloud/generate,200
,,,
Iteration,48,,
Method, Name, Url, Status
POST, #1, https://baked-damson-cream.salad.cloud/generate,200
,,,
Iteration,49,,
Method, Name, Url, Status
POST, #1, https://baked-damson-cream.salad.cloud/generate,200
,,,
Iteration,50,,
Method, Name, Url, Status
POST, #1, https://baked-damson-cream.salad.cloud/generate,200
,,,
Iteration,51,,
Method, Name, Url, Status
POST, #1, https://baked-damson-cream.salad.cloud/generate,200
,,,
Iteration,52,,
Method, Name, Url, Status
POST, #1, https://baked-damson-cream.salad.cloud/generate,200
,,,
Iteration,53,,
Method, Name, Url, Status
POST, #1, https://baked-damson-cream.salad.cloud/generate,200
,,,
Iteration,54,,
Method, Name, Url, Status
POST, #1, https://baked-damson-cream.salad.cloud/generate,200
,,,
Iteration,55,,
Method, Name, Url, Status
POST, #1, https://baked-damson-cream.salad.cloud/generate,200
,,,
Iteration,56,,
Method, Name, Url, Status
POST, #1, https://baked-damson-cream.salad.cloud/generate,200
,,,
Iteration,57,,
Method, Name, Url, Status
POST, #1, https://baked-damson-cream.salad.cloud/generate,200
,,,
Iteration,58,,
Method, Name, Url, Status
POST, #1, https://baked-damson-cream.salad.cloud/generate,200
,,,
Iteration,59,,
Method, Name, Url, Status
POST, #1, https://baked-damson-cream.salad.cloud/generate,200
,,,
Iteration,60,,
Method, Name, Url, Status
POST, #1, https://baked-damson-cream.salad.cloud/generate,200
,,,
Iteration,61,,
Method, Name, Url, Status
POST, #1, https://baked-damson-cream.salad.cloud/generate,200
,,,
Iteration,62,,
Method, Name, Url, Status
POST, #1, https://baked-damson-cream.salad.cloud/generate,200
,,,
Iteration,63,,
Method, Name, Url, Status
POST, #1, https://baked-damson-cream.salad.cloud/generate,200
,,,
Iteration,64,,
Method, Name, Url, Status
POST, #1, https://baked-damson-cream.salad.cloud/generate,200
,,,
Iteration,65,,
Method, Name, Url, Status
POST, #1, https://baked-damson-cream.salad.cloud/generate,200
,,,
Iteration,66,,
Method, Name, Url, Status
POST, #1, https://baked-damson-cream.salad.cloud/generate,200
,,,
Iteration,67,,
Method, Name, Url, Status
POST, #1, https://baked-damson-cream.salad.cloud/generate,200
,,,
Iteration,68,,
Method, Name, Url, Status
POST, #1, https://baked-damson-cream.salad.cloud/generate,200
,,,
Iteration,69,,
Method, Name, Url, Status
POST, #1, https://baked-damson-cream.salad.cloud/generate,200
,,,
Iteration,70,,
Method, Name, Url, Status
POST, #1, https://baked-damson-cream.salad.cloud/generate,200
,,,
Iteration,71,,
Method, Name, Url, Status
POST, #1, https://baked-damson-cream.salad.cloud/generate,200
,,,
Iteration,72,,
Method, Name, Url, Status
POST, #1, https://baked-damson-cream.salad.cloud/generate,200
,,,
Iteration,73,,
Method, Name, Url, Status
POST, #1, https://baked-damson-cream.salad.cloud/generate,200
,,,
Iteration,74,,
Method, Name, Url, Status
POST, #1, https://baked-damson-cream.salad.cloud/generate,200
,,,
Iteration,75,,
Method, Name, Url, Status
POST, #1, https://baked-damson-cream.salad.cloud/generate,200
,,,
Iteration,76,,
Method, Name, Url, Status
POST, #1, https://baked-damson-cream.salad.cloud/generate,200
,,,
Iteration,77,,
Method, Name, Url, Status
POST, #1, https://baked-damson-cream.salad.cloud/generate,200
,,,
Iteration,78,,
Method, Name, Url, Status
POST, #1, https://baked-damson-cream.salad.cloud/generate,200
,,,
Iteration,79,,
Method, Name, Url, Status
POST, #1, https://baked-damson-cream.salad.cloud/generate,200
,,,
Iteration,80,,
Method, Name, Url, Status
POST, #1, https://baked-damson-cream.salad.cloud/generate,200
,,,
Iteration,81,,
Method, Name, Url, Status
POST, #1, https://baked-damson-cream.salad.cloud/generate,200
,,,
Iteration,82,,
Method, Name, Url, Status
POST, #1, https://baked-damson-cream.salad.cloud/generate,200
,,,
Iteration,83,,
Method, Name, Url, Status
POST, #1, https://baked-damson-cream.salad.cloud/generate,200
,,,
Iteration,84,,
Method, Name, Url, Status
POST, #1, https://baked-damson-cream.salad.cloud/generate,200
,,,
Iteration,85,,
Method, Name, Url, Status
POST, #1, https://baked-damson-cream.salad.cloud/generate,200
,,,
Iteration,86,,
Method, Name, Url, Status
POST, #1, https://baked-damson-cream.salad.cloud/generate,200
,,,
Iteration,87,,
Method, Name, Url, Status
POST, #1, https://baked-damson-cream.salad.cloud/generate,200
,,,
Iteration,88,,
Method, Name, Url, Status
POST, #1, https://baked-damson-cream.salad.cloud/generate,200
,,,
Iteration,89,,
Method, Name, Url, Status
POST, #1, https://baked-damson-cream.salad.cloud/generate,200
,,,
Iteration,90,,
Method, Name, Url, Status
POST, #1, https://baked-damson-cream.salad.cloud/generate,200
,,,
Iteration,91,,
Method, Name, Url, Status
POST, #1, https://baked-damson-cream.salad.cloud/generate,200
,,,
Iteration,92,,
Method, Name, Url, Status
POST, #1, https://baked-damson-cream.salad.cloud/generate,200
,,,
Iteration,93,,
Method, Name, Url, Status
POST, #1, https://baked-damson-cream.salad.cloud/generate,200
,,,
Iteration,94,,
Method, Name, Url, Status
POST, #1, https://baked-damson-cream.salad.cloud/generate,200
,,,
Iteration,95,,
Method, Name, Url, Status
POST, #1, https://baked-damson-cream.salad.cloud/generate,200
,,,
Iteration,96,,
Method, Name, Url, Status
POST, #1, https://baked-damson-cream.salad.cloud/generate,200
,,,
Iteration,97,,
Method, Name, Url, Status
POST, #1, https://baked-damson-cream.salad.cloud/generate,200
,,,
Iteration,98,,
Method, Name, Url, Status
POST, #1, https://baked-damson-cream.salad.cloud/generate,200
,,,
Iteration,99,,
Method, Name, Url, Status
POST, #1, https://baked-damson-cream.salad.cloud/generate,200
,,,
Iteration,100,,
Method, Name, Url, Status
POST, #1, https://baked-damson-cream.salad.cloud/generate,200
